ID,PRODUCT NAME,BRAND,TYPE,PRICE/SQFT,SQFT/BOX,VENDOR,IMAGE URL,DELIVERY TIME,PRODUCT PAGE URL,NOTES,,,,,,,,
SKU: LLVMENDSAC7,1/2 in. Acacia Distressed Prefinished Engineered Hardwood Flooring 7.44 in. Wide,Virginia Mill Works,ENGINEERED,6.62,29.3,Lumber Liq,https://lumberliquidators.com/cdn/shop/files/10052781_sw_iuyakj_07ef12eb-fc02-40f2-b790-24b6f0e876a2.jpg?v=1749103748&width=1500,,https://lumberliquidators.com/collections/engineered-hardwood-flooring/products/vm-ds-eng-acacia-1-2-x-7-44,,,,,,,,,
SKU: LLBWENQCAC5S,1/2 in. Acacia Quick Click Prefinished Engineered Hardwood Flooring 4.75 in. Wide,Bellawood,,6.39,32.55,,https://lumberliquidators.com/cdn/shop/files/10029941_sw_cb01a2bb-db03-4f31-a3e6-98851ea568ad.jpg?v=1749104371&width=1500,,https://lumberliquidators.com/collections/engineered-hardwood-flooring/products/bw-eng-acacia-qc-1-2x4-3-4-nat,,,,,,,,,
SKU: LLBWSIENBM7,1/2 in. Bellagio Maple Prefinished Engineered Hardwood Flooring 7.5 in. Wide,Bellawood,,6.62,29,,https://lumberliquidators.com/cdn/shop/files/BWSI_Bellagio_Swatch_edrerr_6f3246c6-701f-4d81-9f2a-a7a50f86b844.jpg?v=1749103754&width=1500,,https://lumberliquidators.com/collections/engineered-hardwood-flooring/products/bwsi-eng-bellagio-maple-1-2-x-7-5,,,,,,,,,
SKU: LLBWSIENCIM7,1/2 in. Capri Isle Maple Prefinished Engineered Hardwood Flooring 7.5 in. Wide,Bellawood,,6.62,29,,https://lumberliquidators.com/cdn/shop/files/BWSI_Capri_Swatch1_u5zszr.jpg?v=1749103756&width=1500,,https://lumberliquidators.com/collections/engineered-hardwood-flooring/products/bwsi-eng-capri-isle-maple-1-2-x-7-5,,,,,,,,,
SKU: LLHSDD7-P,1/2 in. Delaware Driftwood Oak Distressed Prefinished Engineered Hardwood Flooring 7.48 in. Wide,Virginia Mill Works,,5.19,31.09,,https://lumberliquidators.com/cdn/shop/files/10050753_sw_likq9w.jpg?v=1749104362&width=900,,https://lumberliquidators.com/collections/engineered-hardwood-flooring/products/vmen-ds-delaware-drift-oak-1-2-x-7-48,,,,,,,,,
SKU: LLRNENQCDSMH7,1/2 in. Matterhorn Distressed Click Strand Engineered Bamboo Flooring 7.5 in. Wide,Builder's Pride,,2.92,22.7,,https://lumberliquidators.com/cdn/shop/files/10052664_sw_wx0wdg_88c9b515-fcc6-49b9-90ce-e49ea57476c1.jpg?v=1749103742&width=900,,https://lumberliquidators.com/collections/engineered-hardwood-flooring/products/1-2-in-matterhorn-distressed-click-strand-engineered-bamboo-flooring-7-5-in-wide,,,,,,,,,
SKU: LLBWENDSNH7,1/2 in. Nautilus Hickory Wire Brushed Prefinished Engineered Hardwood 7.4 in. Wide,Bellawood,,6.79,28.06,,https://lumberliquidators.com/cdn/shop/files/10053478_sw_o3knms_ff511f66-a9de-4633-a61c-c3b3aead1b71.jpg?v=1749104365&width=900,,https://lumberliquidators.com/collections/engineered-hardwood-flooring/products/bwengds-nautilus-hickory-1-2-x-7-4,,,,,,,,,
SKU: LLBWENDSPRWO7,1/2 in. Pearlescent White Oak Wire Brushed Prefinished Engineered Hardwood 7.4 in. Wide,Bellawood,,7.99,28.06,,https://lumberliquidators.com/cdn/shop/files/10053490_sw_re49ta_5f556c72-7187-4077-aa69-3f18428ae2a9.jpg?v=1749104412&width=900,,https://lumberliquidators.com/collections/engineered-hardwood-flooring/products/bwengds-pearlescent-wo-1-2-x-7-4,,,,,,,,,
SKU: LLBWSIENRM7,1/2 in. Riviera Maple Prefinished Engineered Hardwood Flooring 7.5 in. Wide,Bellawood,,6.29,29,,https://lumberliquidators.com/cdn/shop/files/BWSI_Riviera_Swatch_uk71qg_23da277d-0144-4d1f-a7bb-395d1b825416.jpg?v=1749104373&width=900,,https://lumberliquidators.com/collections/engineered-hardwood-flooring/products/bwsi-eng-riviera-maple-1-2-x-7-5,,,,,,,,,
